CCSUID,Centroid_X,Centroid_Y
1001214,8970782.469490832,2071056.4875104798
1001259,8911803.037798714,2100379.513179269
1001304,8928784.3162012,2135367.5006556204
1001357,8932876.273472527,2162355.3830245566
1001472,8955325.847080057,2115231.307502706
1001519,8976425.78700687,2138052.00558524
1002001,8848440.92541405,2057650.5189895146
1003001,8704287.65506716,2023067.906770098
1004006,8569368.801766038,1989708.3199565662
1005007,8571666.787034435,2147211.9114921894
1005010,8600232.356507288,2085659.8033190693
1006014,8700953.365921734,2129651.7225500317
1007028,8820090.211902298,2191987.0349335703
1007031,8853696.233611394,2155162.888623412
1008036,8748613.256166862,2240677.267971506
1008058,8644322.993982688,2197321.8538212553
1009001,8545585.491270738,2268887.849190621
1010001,8080847.054049654,2375235.5625042007
1011005,8151667.722890409,2562436.819116469
1011040,7822287.187473491,2746211.367315067
1102022,8353167.146853198,1613583.1790097493
1102040,8356113.026828199,1622510.0385935537
1102085,8360637.557928375,1616328.3989479386
1103020,8293149.737411381,1610348.8887308356
1103064,8269971.678709357,1644949.0586817577
1201006,8319365.624633545,1294524.580306289
1202001,8287751.860669271,1294196.3302364403
1202004,8265050.665861572,1287704.0495117607
1203001,8253493.94280285,1314979.2952754698
1203004,8265808.150516022,1343587.3805340058
1204010,8332260.126363504,1345570.0252987558
1205001,8297304.0387951685,1384150.990393118
1205004,8267867.603646526,1384051.8481178414
1205009,8281249.140521832,1407208.4410165024
1205014,8288455.9460412245,1422797.5331664784
1206001,8348569.863664839,1384120.9446455368
1206009,8354315.643952858,1417432.4269913342
1207001,8311506.07736679,1432974.1756978552
1207011,8328839.542483876,1441315.9158812147
1207016,8322141.5500637,1465437.735132339
1207021,8338366.632459499,1454663.9013805068
1208003,8357759.657123243,1455476.8452679096
1208008,8381664.575819502,1482824.4816536154
1209034,8432813.541772397,1478263.5673741798
1210001,8414465.423605295,1518414.4568914787
1210008,8390970.220910378,1543644.765480623
1210012,8357962.806754003,1517961.1537778783
1211001,8299632.037477346,1494687.8817856438
1211006,8325619.569307949,1519342.4235975188
1211009,8323831.122325881,1548909.5728898149
1211014,8357986.882032323,1547251.3374826573
1212001,8409576.958010407,1566751.3278720416
1212006,8435377.33959284,1552215.3796472966
1212011,8454924.927486727,1571268.131245107
1213001,8487016.545082854,1545978.2030318365
1213004,8523534.177569969,1585494.762997375
1214001,8473923.151792856,1594880.2786438174
1214006,8497125.260985212,1599428.7761540269
1215001,8518010.239721159,1641407.421308796
1215006,8502963.810906444,1663677.597065934
1215011,8506224.706295958,1720560.7496953406
1216006,8558058.36617945,1643581.4596673613
1217030,8577975.595734414,1697697.3028370817
1218001,8528656.229292005,1726225.5840449713
1302004,8154191.418839449,1356240.5567653677
1302006,8147275.634750525,1365041.0124809775
1302008,8170061.751819123,1402882.9131131934
1302011,8153641.309972358,1399273.4518863386
1302044,8127898.774192192,1397608.0491635846
1303001,8151410.710364212,1453975.4201243517
1303008,8137752.428591175,1445807.5218295779
1303016,8152331.418705831,1506064.64016635
1304004,8170083.418011747,1450181.3670148877
1304008,8197561.717834683,1507078.6155537341
1304011,8179951.985149967,1480498.895041425
1304024,8177684.653954347,1514377.4551837977
1305006,8213640.514838401,1454273.6881370016
1305014,8195925.804749424,1444395.5095282213
1305016,8209115.384518796,1466815.3828566223
1305021,8223471.542660439,1479780.3132484455
1305024,8238305.469314924,1481036.5736972569
1305026,8233600.660107783,1500057.5444514202
1305028,8219859.35267505,1514601.0145291376
1305031,8212756.119067018,1494374.7115012102
1305034,8200979.583167114,1475366.2689455578
1305036,8184834.880389379,1434644.9613096882
1305045,8203461.444466529,1437378.3695349947
1306001,8274134.872718322,1512942.153170001
1306007,8261802.375439269,1494150.0710830241
1306008,8252065.956832887,1510948.276199342
1306011,8266672.466881675,1529761.9276776575
1306014,8253910.010644313,1536460.1962299577
1307001,8304835.304666234,1556282.845851475
1307004,8310895.65046518,1577023.8950304808
1307005,8276299.978734649,1568229.472433602
1307008,8291634.480900661,1550318.7477902237
1307013,8277202.7154502645,1544138.1159337517
1307019,8248023.799249911,1552583.8512559999
1307024,8228049.052079222,1533242.0397414756
1308001,8253051.979622995,1575917.4010443334
1308004,8241406.468122436,1588916.0203892426
1308014,8213555.710334697,1582009.6186807016
1308016,8228234.739234606,1600724.393233996
1309004,8184224.27615174,1616416.9392601387
1309026,8113903.90372298,1586909.1559090423
1309031,8158435.8172435565,1620109.4988896588
1309036,8171902.651441618,1654876.5806700243
1310001,8126978.510794457,1443686.3781221563
1310004,8085578.776989104,1433485.6893870253
1310016,8102570.459236478,1444183.6502505955
1310018,8118956.848735815,1460942.6400746095
1310021,8097214.416325053,1467131.8489109897
1310024,8075720.611929237,1468913.9300226285
1310026,8092358.108007355,1480783.8035361385
1310028,8093565.659328688,1500884.5139917142
1310036,8097329.296351424,1533659.1822698305
1311001,8045515.218286786,1456598.4741248009
1311004,8055149.146186296,1459269.4685298577
1311008,8061666.599532611,1469602.6125540172
1311011,8061192.621483091,1493640.6114436828
1311014,8045952.256320326,1476548.3382877398
1311018,8035336.391540607,1485231.6847844743
1311024,8044105.1296061035,1494278.8338849668
1311026,8059524.716389277,1514338.7090386113
1311028,8053553.325331458,1525818.0529360936
1311031,8029142.619725354,1501426.3786712233
1312004,8044184.863830175,1562108.585772308
1312014,8019883.367904225,1571848.3406500556
1312021,8005466.855138827,1589068.0356580538
1313027,7949169.133456452,1575565.332708988
1314001,8073324.1557593625,1671393.4309759403
1314008,8033823.66818867,1648788.5400935132
1315012,8118699.557740644,1665160.0760554885
1315016,8148619.947170814,1698062.0904973978
1315019,8154424.688243094,1675151.388465682
1315026,8171294.229170085,1710584.0517188103
1315029,8187683.670841783,1732338.243217033
2402902,8133782.301857295,1796739.1107691661
2403904,8092651.311704898,1824271.3295999642
2404047,8046429.6040443545,1807349.546064902
2405010,8127214.647143142,1741445.8104816722
2405045,8119553.56351725,1729224.2454182978
2405060,8103562.192330453,1733405.1247587488
2405070,8083679.75141576,1734645.5922765094
2406013,8060981.594949849,1717675.1541957022
2406904,7983446.722344752,1667512.035541717
2407018,8013501.496369502,1731131.5939064834
2407025,7973712.825169545,1692961.3086502252
2407047,7965713.361459718,1714201.2508253835
2407080,7954461.795840854,1714637.2099180017
2407085,7939328.751594536,1720549.5842109844
2407902,8000256.799040012,1691006.0773662103
2407912,7948385.21219742,1696251.2433874425
2408015,7967600.918203102,1768109.6894311476
2408053,7949591.211407772,1746647.4088032318
2409020,7932812.904045193,1697017.8443515722
2409085,7909523.476402955,1704307.241505612
2409092,7902143.573656245,1695646.1789007531
2410005,7900946.979301963,1648131.3281794353
2410043,7895894.978704017,1677185.8497029808
2410070,7875522.454648858,1655902.9359520026
2410902,7920470.883530133,1655824.3521087356
2411020,7888047.460056026,1628022.3220429986
2411045,7862104.974072162,1629893.1966824115
2412005,7884123.821687474,1609809.6442132785
2412015,7855874.339536488,1585775.8862778745
2412043,7854041.7314579,1613873.8129329474
2412057,7846569.671464997,1602456.4925132925
2413045,7911030.31708558,1604298.1000208866
2413050,7919563.329330217,1610548.4385025683
2413055,7910598.432884318,1626870.8604261398
2414005,7854448.064529165,1529667.2927148058
2414035,7848082.660290873,1572723.861487789
2414045,7837320.34645077,1559599.1765724528
2414050,7834017.905777507,1552233.4843372027
2414904,7857127.369593842,1516711.4010681938
2415013,7808224.930488113,1578314.4678250083
2415904,7796650.156591692,1598217.2458968163
2416050,7793129.850378023,1542013.842139315
2417015,7854050.709480025,1475370.1871455426
2417045,7828637.510544021,1487896.3747080672
2417060,7826635.853161046,1517017.9888469263
2417078,7816507.57443748,1491882.2181822255
2418025,7838244.468832822,1466999.313045342
2418045,7815798.81764659,1479763.8728214747
2418050,7806851.095710707,1471685.8339604994
2419010,7818063.29639604,1436792.05066787
2419037,7811674.728743966,1449522.3629724067
2419055,7797427.704179414,1424920.7125888073
2419062,7786152.607538412,1426889.5705485935
2419070,7793495.558761794,1430929.560661048
2419075,7792051.669862198,1439083.124241433
2419105,7779168.549752591,1446919.212868088
2421040,7763714.280141568,1456280.7613169248
2422005,7731314.303359269,1438190.9748200332
2422902,7694320.879252804,1496158.673075607
2426005,7807217.21760376,1412402.5304755892
2426010,7800869.031193949,1405420.485617732
2426055,7778729.041756306,1407308.8538187474
2427015,7815274.727349645,1380215.7076356926
2427028,7816277.44089473,1390490.2018075748
2428025,7828333.368182481,1399281.086728879
2428030,7837928.685270127,1407179.7575984036
2428053,7829324.071974625,1414545.3232973055
2428070,7848548.019051017,1424243.0494864844
2429030,7812676.128556684,1358895.273001293
2429073,7828169.185526711,1377988.8487588984
2430005,7836016.548067851,1294436.3085542354
2430020,7821465.173620248,1308239.069285928
2430025,7839369.152752905,1315198.2855815003
2430045,7820068.748001358,1319840.7022452108
2430055,7842147.546113907,1328150.2433854
2430090,7813206.718572144,1347509.0337481827
2430095,7805938.392381825,1343174.164372533
2430105,7799549.10635255,1326735.609200064
2431008,7783900.0401778305,1331682.2245291
2431020,7778730.886900617,1340530.958849412
2431030,7763947.211245367,1340729.9539111953
2431040,7769310.156514354,1354370.0211909222
2431056,7796186.979093629,1361219.865212826
2431084,7782590.310398284,1363651.4872089226
2431105,7774952.120233162,1372748.8105697283
2432013,7758459.612401377,1355833.6125878498
2432023,7749406.704979551,1357557.5825061975
2432033,7734845.9713503,1362046.680929542
2432045,7742957.612482391,1366043.75705384
2432058,7760820.894470626,1375289.5733765145
2432065,7749618.155889514,1385317.1858019498
2432072,7746342.786587776,1375872.8276667548
2432085,7728658.778809088,1378949.71865893
2433035,7761915.753184302,1403258.772739371
2433040,7751435.989333042,1395532.1571474017
2433045,7755009.618563691,1406963.941317568
2433052,7746065.625721789,1401030.3666536273
2433090,7749757.470290343,1411622.040109128
2433095,7744124.422583656,1414938.3991189855
2433102,7732110.19353179,1406827.3315155518
2433123,7723870.161868151,1391932.499124565
2434007,7736123.660531137,1421009.1037302199
2434017,7729087.59548798,1425226.644269882
2434058,7709318.879218527,1403107.4897690567
2434060,7707527.128494728,1410098.1295052257
2434078,7698998.039422294,1402762.891930102
2434097,7698082.823259394,1415051.687862045
2434105,7704539.462501961,1425667.6311031368
2434902,7696875.570255596,1472430.9099578455
2435015,7678475.920003839,1403860.844353563
2435902,7658063.697757008,1438659.4695449506
2436033,7643860.680395313,1390464.209712228
2437210,7695598.52001664,1381917.3355710688
2437220,7687461.048369062,1375376.7879381578
2437235,7668316.609778149,1372284.257428197
2438028,7719327.965997232,1369206.7315743389
2438047,7714193.459031633,1386279.7848466889
2438055,7708278.793234372,1386228.072374591
2439010,7768599.049921033,1330523.3821450172
2439015,7757524.8108778875,1332933.6258665703
2439025,7742838.241640705,1324556.1780251071
2439030,7750673.141539557,1336559.1083670608
2439062,7736741.609936976,1341041.2069372775
2439077,7734745.589588781,1330109.9448142962
2439085,7725867.531377812,1331798.1290220087
2439097,7731718.192663925,1316724.7150434454
2439117,7715729.933997045,1330167.3333822915
2440010,7758978.803924472,1322215.0274731133
2440017,7756941.298911292,1313124.5170274815
2440047,7740769.980809136,1310257.5208577923
2441027,7812254.139122073,1289180.893794491
2441038,7787783.418335572,1278841.1791286236
2441055,7773558.133266479,1284548.804318258
2441070,7790426.587373675,1295922.064094532
2441085,7798020.907652421,1309398.3654007632
2441098,7784895.436073377,1316459.1695621149
2441117,7777038.120761778,1303173.5554060733
2442005,7765465.878278383,1291775.7164980664
2442032,7739517.805037189,1274058.233603047
2442040,7731732.702968971,1264576.0988509606
2442060,7725132.1777203195,1271774.9175358417
2442065,7724823.4400175195,1279848.473361543
2442075,7732067.759587375,1289206.9904693835
2442100,7749552.212749389,1297938.8273351463
2442110,7736056.210538559,1298542.8456287
2443027,7756905.099003471,1271547.8672918188
2444010,7801446.267796054,1250044.7406242983
2444023,7785062.741211246,1239592.7595478548
2444037,7776995.726172182,1241708.875058505
2444045,7767548.136400646,1237287.559881169
2444050,7761087.889293697,1235906.788696647
2444060,7781800.67001795,1264835.0112542475
2444071,7772521.055091259,1257417.3728593981
2445020,7754982.607355421,1228316.164825162
2445030,7736104.777501264,1226617.1378105995
2445043,7763640.547856702,1249364.1807761048
2445055,7761904.8537062425,1260782.273863716
2445060,7756015.91366147,1250942.1935370893
2445072,7747816.258991895,1249050.510928293
2445095,7735130.547955202,1247440.2593691603
2445105,7724980.377625502,1254321.0392656934
2445115,7741318.95278827,1262324.7765270947
2446010,7704403.1729615005,1212841.0729586235
2446017,7689422.084083054,1208165.138830201
2446045,7694118.167840413,1217601.9115264444
2446050,7702879.252478095,1224875.4254554922
2446058,7720129.172618072,1222455.7828820874
2446065,7726417.794193927,1241779.244750409
2446075,7716509.304292521,1237941.3644137834
2446078,7705018.69445072,1243143.4245822926
2446090,7698548.891700174,1235820.5333686098
2446095,7690553.994642242,1225136.923775346
2446100,7682393.5833891565,1221617.2273870273
2446105,7682352.855779016,1228321.6570303654
2446112,7685162.086417714,1234442.6262749645
2447010,7694375.697574789,1243164.3560402691
2447017,7697536.284058098,1252617.336589988
2447035,7712843.299704373,1252118.5466047945
2447047,7703130.799282964,1263531.280789991
2448015,7709018.207327257,1274207.9233751716
2448028,7703553.600723243,1282472.5548159545
2448038,7693880.6884763045,1281328.8525509334
2449020,7711889.951663918,1293938.868169045
2449025,7718721.586176345,1300916.0257429688
2449040,7704002.614595493,1297591.406669695
2449058,7702653.23425386,1312709.630774106
2449080,7706985.000682592,1325848.9908340264
2449085,7695608.130248949,1326696.530559521
2449100,7689588.469821486,1310057.564901722
2449113,7679495.325303699,1303334.0185533552
2449125,7684455.404184817,1314469.9215971555
2450005,7711765.457557718,1340790.911699582
2450013,7710088.135194325,1347301.9673634358
2450072,7681176.482446886,1343333.8596896385
2450085,7687176.706280747,1335871.4479356366
2450113,7668955.049453257,1323456.982563427
2451015,7654090.540202,1340129.1204845053
2451020,7661010.896858307,1348443.6939579516
2451040,7642855.7932128,1344046.8179032803
2451080,7649529.1680284375,1360397.516114879
2451085,7652685.022715855,1371177.1490691504
2452045,7648121.511900898,1320576.7825819054
2452062,7635217.597063016,1325915.621672692
2452090,7617586.026538135,1349478.0945576106
2453005,7672470.683644129,1308043.8460949038
2453025,7653972.516133904,1304388.6806493879
2453065,7650867.7326361,1308687.245228464
2453072,7662208.332509672,1315306.8531115947
2454017,7673281.394371314,1259298.3760138827
2454030,7666335.496901534,1264827.782939343
2454048,7675008.883968846,1273485.5414520968
2454060,7685095.549331373,1270045.6014975598
2454100,7677285.345822634,1292934.3475745413
2455008,7687183.769330355,1242454.1800571466
2455037,7672474.047439757,1250820.461078261
2455048,7665118.594495092,1246479.309997125
2455057,7660664.502920985,1242401.6553363781
2456015,7667207.757919179,1202183.6853826623
2456023,7660703.265245129,1201485.0976256547
2456042,7670576.355123903,1213176.263766174
2456065,7660389.823893464,1219525.8141533383
2456105,7676263.606152653,1237035.6248495814
2457010,7653263.616028931,1243278.4212630147
2457020,7653214.400105441,1253642.3193895244
2457068,7656739.437550875,1281688.328939657
2457075,7650071.629993583,1285008.310226405
2458227,7642226.4245259315,1250263.2330857958
2459010,7646670.616831529,1260674.8245801472
2459015,7647021.100567262,1267643.1028589169
2459020,7639133.812099752,1267714.1193565738
2460028,7630991.783627591,1286223.9886180065
2461040,7614055.607869906,1306451.6775248656
2461045,7621899.246203761,1311110.3401782692
2462030,7576952.342812146,1314051.0168941137
2462037,7600532.784499341,1300833.040359146
2462075,7606457.717430017,1340011.6620312377
2462902,7594738.578842718,1392416.1492032735
2462908,7534997.305097617,1380081.3347363502
2462910,7538343.001602065,1354519.0737768163
2462920,7513493.078442087,1418968.7521560853
2463030,7611232.451010525,1285897.726279434
2463060,7598376.138101706,1288799.664392451
2464008,7615367.533575597,1266999.5512148954
2464015,7620015.496059713,1272247.7686494703
2465005,7616418.67569846,1252224.3376081227
2467035,7638813.258778403,1231600.8419091748
2467045,7624720.58443015,1224656.4130896481
2468015,7643059.398573555,1195937.7013725215
2469005,7631836.83741873,1189854.4464260752
2469010,7620715.8395534605,1187848.4356146627
2469017,7628802.7059534285,1197806.197024303
2469037,7611449.9674538085,1193103.9126942495
2469045,7606192.156478487,1183206.8290420156
2469050,7595974.153036717,1177546.2758782622
2469060,7593863.895837833,1184074.649016742
2469070,7587182.391505552,1186505.824110233
2469075,7576378.169093431,1172028.8511044155
2470012,7624960.528432297,1210553.4489319578
2470022,7614427.699224197,1214679.524054731
2470052,7601653.901823859,1207979.3493757036
2471040,7590153.979038728,1209693.2156125675
2471045,7586371.618741715,1213677.353262061
2471083,7592429.233958758,1222363.992214183
2471110,7579087.675203945,1217309.265532875
2471115,7574040.974301353,1211169.6088397815
2471133,7574701.791364688,1225430.4347435418
2472005,7601794.858437413,1243847.0637196861
2472032,7593069.83598167,1232516.9252330153
2473015,7605831.643197567,1255516.6472524174
2473035,7604290.21424111,1267111.7119020347
2474005,7589559.254541081,1249965.9498207632
2476020,7571629.701344613,1254800.8956761837
2476035,7561371.91350675,1258500.3867773202
2476043,7559585.557642738,1243596.602401629
2476052,7542335.0750065,1243054.0921274868
2476065,7540625.873138939,1259756.0527468473
2478055,7555190.60798171,1288604.6075947639
2478060,7537831.41235538,1273676.6632563223
2478100,7548271.655234746,1304557.1809102655
2478102,7533434.977257653,1302464.47634603
2478130,7509411.185808274,1294540.6149599608
2478802,7570094.325346201,1302462.7280482603
2479025,7462814.18108351,1280457.9503144496
2479088,7448118.909218595,1312948.2596164295
2479097,7441347.149014013,1343632.2077963378
2479910,7472831.8546299115,1438970.3090629205
2479926,7408661.777384267,1358955.6373450335
2480015,7526099.778793225,1242915.4694184551
2480037,7516731.337642844,1229533.6309697784
2480045,7511898.7507331595,1223683.3881812606
2480055,7503710.5005167145,1222635.727035532
2480078,7503303.109283439,1241937.0298348449
2480090,7490651.1926798485,1251686.02132805
2481017,7472235.375187998,1199010.6977992412
2482005,7483224.999152036,1218815.54197025
2482020,7458607.816961862,1203235.324458772
2482030,7434422.530484624,1197948.1565732094
2483010,7433677.656638021,1228692.9614040072
2483015,7428513.628805656,1241506.3522752027
2483032,7432497.902461972,1258761.3364899773
2483050,7432966.459494525,1272128.3922449378
2483088,7419115.674848968,1310438.2155104268
2483904,7398827.959533451,1351808.4503249303
2484005,7415480.37328219,1192014.0262690366
2484015,7402272.946956592,1197119.310976809
2484040,7392154.6552974945,1212050.8891038522
2484065,7395633.630209555,1230753.6196807045
2484095,7340864.605581768,1233806.7991460564
2484100,7294766.075749266,1245873.9233982435
2485045,7133575.078437793,1349245.8731342116
2485065,7191104.124537895,1349741.1440172093
2485075,7176396.666515869,1369566.41533367
2486042,7163857.90386641,1431098.0178974057
2487005,7132975.295738719,1463665.8418519227
2487015,7119170.516091195,1473167.6800850239
2487025,7128372.643803534,1485122.79180771
2487042,7152790.688244737,1502560.5650242488
2487058,7137326.143405654,1496697.5398436438
2487075,7110789.7995057935,1494877.2646688877
2487090,7123931.370193854,1501289.9500885906
2487095,7122228.208313055,1512983.3374839737
2488030,7234988.381968405,1480207.1654452833
2488045,7200379.137916649,1468498.3565499512
2488055,7215249.361363003,1497268.182873839
2488085,7187261.624370007,1489356.3802629435
2488904,7184303.911816105,1518655.2615364147
2489015,7219872.525271056,1445004.2416703815
2490012,7522080.8738747435,1509796.9141389376
2491020,7647010.962830731,1567755.5117270094
2491902,7538097.452096818,1610076.3534048393
2492030,7605399.046692671,1636188.507683817
2492040,7597500.299592412,1623792.1344671345
2492050,7584065.991477075,1635223.8429714523
2492902,7612669.034728806,1782772.6824568762
2493042,7666428.857824868,1618226.5960200657
2493070,7647372.154664742,1627682.4490737158
2493904,7683587.062647925,1551431.154220002
2493906,7691094.402529125,1564076.0597455942
2494068,7712847.28985011,1607857.178940601
2494205,7768255.2997534415,1604001.820648002
2494235,7737511.757633605,1626908.1744253226
2494926,7759269.3967853645,1586483.4365905644
2494928,7711563.187737016,1581878.5791432485
2494930,7675067.733613138,1830376.739222754
2495018,7834330.558678952,1679191.4187054692
2496020,7799520.8266843185,1878595.76197306
2497022,7773616.690877187,2124297.5299254325
2498045,8204840.963032412,2140402.4283867953
3501005,7564677.59804891,1187695.8468318202
3501011,7541753.540352415,1168411.6272983102
3501020,7517810.778350997,1147772.3673998103
3501030,7505729.736553625,1160614.6881422086
3501042,7530108.622056605,1180986.8120725104
3501050,7551253.338083187,1203764.569578469
3502001,7561331.918873546,1225303.51833011
3502010,7544740.408098906,1227012.7644910533
3502023,7523704.103716806,1219284.1319686887
3502025,7526692.384851137,1201288.1561589995
3502036,7506925.258212325,1206858.904315838
3502048,7505060.307736841,1182070.8472864637
3506008,7468868.062456293,1175055.1645045197
3507004,7502916.639761715,1130914.875855916
3507006,7494452.737819515,1118052.7513421108
3507014,7478976.8705521,1108233.2581341555
3507017,7483013.159830006,1088852.4216181089
3507021,7468550.057377408,1077020.1548537589
3507040,7450522.271755721,1099506.807367379
3507042,7474379.473942401,1097101.111556018
3507052,7477268.075879301,1125953.5363346406
3507065,7487678.734322373,1142215.9480949615
3509001,7464145.021535159,1135138.191783108
3509010,7444962.8254999,1129634.8602164034
3509015,7433233.203115755,1113363.1269250263
3509024,7450696.927528053,1146469.3054049253
3509030,7430279.325524501,1160315.150176026
3509039,7416584.393831625,1138646.6445945648
3510005,7452988.977852643,1043248.431576461
3510010,7442924.955611606,1054059.9998103143
3510020,7431452.364368523,1073637.6493490373
3510035,7404012.713272989,1091153.1242696976
3510045,7387709.191359339,1118581.5002210313
3511005,7420927.845238654,1040357.8816940426
3511015,7403012.030106957,1034717.1331768071
3511030,7399840.659220014,1061641.164471707
3511035,7362311.085753437,1107594.6324105428
3512001,7386221.308748313,1035762.5579167126
3512005,7372765.199604927,1029064.6282167585
3512015,7356929.537310636,1018376.2259274999
3512020,7350724.415721761,1039420.0019225266
3512026,7362115.827843171,1046721.5138544857
3512030,7366367.880671771,1069666.073344906
3512036,7352554.924353825,1064174.5314946198
3512046,7334725.39795849,1064701.7364225457
3512061,7327831.476101109,1096839.3162234158
3512065,7328632.766125223,1124681.393658044
3512076,7305063.990401858,1130178.0800834363
3513020,7388593.641802507,1005990.848438001
3514004,7344712.569855685,1007640.1556925727
3514014,7336160.258115468,1001659.3599056022
3514019,7309934.475034121,992280.3001092859
3514024,7322222.730526441,1001145.7924542011
3514045,7333766.701801666,1025840.470135041
3515003,7319109.250455731,1028633.8342356503
3515005,7304441.474465983,1013437.7317275641
3515023,7308230.31050139,1038964.9080477278
3516010,7250792.8137031915,1034098.7540990704
3518001,7240740.880841611,961913.9611921655
3518009,7251141.860826619,964152.9082498627
3518013,7258895.372897383,969907.4039091053
3518017,7276119.429818977,977045.8019555412
3518020,7251507.394447985,988446.0801594217
3518029,7230193.009732259,983521.040250562
3518039,7232281.393918318,1010355.0268705299
3519028,7206086.760160108,946271.4695739188
3519036,7226859.374797509,955553.2205990661
3519044,7221659.440403693,969758.0132867201
3519048,7213554.679503727,961714.8086543152
3519049,7199485.813608395,961112.7158391806
3519054,7212073.023391497,982519.8684755415
3519070,7211999.769081748,1003980.1914700685
3520005,7222598.410919136,936757.6485084476
3521010,7198653.840417602,923733.2287614552
3521024,7178554.674436249,942383.5522192707
3522001,7150912.128370125,936641.9210163844
3522008,7148988.7657942735,952040.5737060752
3522012,7162074.3204133585,958356.3172033142
3522016,7155257.559050205,977350.129786864
3522019,7141071.175592239,969927.8516732276
3523001,7164660.886238104,894996.0342819298
3523009,7156098.412181484,908251.7468954584
3523017,7163581.706990611,927491.8340649371
3523025,7142098.48751896,920203.3367388367
3523033,7118841.637287007,918301.572513859
3523043,7098964.806923974,935078.5927356222
3523050,7123185.715211439,939327.619251352
3524001,7201516.506031743,901267.4863398592
3524002,7193116.008114259,891022.201344116
3524009,7182061.778213805,904813.1418306857
3524015,7180148.971540296,916612.716034834
3525005,7186520.591027849,874745.7101420091
3526003,7270451.851359072,852262.9295048317
3526014,7239640.864923442,848230.8274018794
3526021,7222410.940793347,860268.0959856327
3526028,7242425.398972721,861018.4211462468
3526037,7251361.418912809,862232.3931527915
3526043,7260943.654522257,865985.18205107
3526053,7246404.687351119,876065.87205742
3526057,7233093.591871719,871323.277288605
3526065,7219639.061973378,872312.0993295419
3528018,7201914.752693485,841050.9797784238
3528052,7156501.793584197,816569.3689277094
3529005,7161010.935637095,855011.2475206656
3530004,7152011.990427347,877386.7824253731
3530010,7153296.014009524,885743.0864347963
3530013,7138963.241045896,887685.4817665098
3530020,7126984.226324817,880602.2780724555
3530027,7117788.423780779,896019.9035706575
3530035,7136822.493623655,900945.3613889925
3531013,7089055.180079697,863249.5459402072
3531025,7078869.584267176,880405.1090493994
3531030,7104405.8974671,885972.7556159422
3531040,7094787.125978935,911065.6126408565
3532002,7136144.988943205,835261.4604133124
3532027,7106169.352563553,848706.1622583531
3532038,7118509.007829437,861098.5378091155
3532045,7133873.947912429,862562.6408006992
3534005,7128841.721756339,804329.5262843439
3534010,7113898.982042204,807040.9824743033
3534020,7100218.783211274,802011.6611544032
3534024,7084704.699671384,797843.5176489364
3534030,7071530.960400008,786805.014018512
3534042,7058364.523887901,775006.4740681951
3536020,7022598.814330609,750524.6070002676
3537003,6993283.673006871,706547.907584006
3537013,6979039.490024887,700937.0455553578
3537016,6963609.9359095665,702485.8028982099
3537028,6951066.70446974,703973.6131453183
3537039,6952940.282736748,724407.2270870126
3537048,6959446.215801905,719186.2724918183
3537064,6982058.757846865,723176.5863577216
3538003,6996037.7290421175,781668.2028773527
3538007,7024646.043989121,782586.253568265
3538015,7034018.545405573,801538.5006914478
3538016,7016162.317686184,798247.5540332063
3538030,6996897.759754089,809743.1502513887
3538035,7014307.918182993,817118.3342098441
3538040,7028450.312145892,837501.2792063194
3538043,7031718.175859369,819318.4441611536
3539005,7053076.068598262,793195.8407613577
3539015,7065122.626850925,810688.9902064515
3539027,7098893.812271134,833984.5180902642
3539033,7073850.077005607,829774.6979832599
3539036,7087355.308159408,822336.9488038374
3539041,7050963.540755449,839787.7044331441
3539047,7048284.107658448,814867.5269973654
3539060,7070891.781883496,850139.0248514053
3540005,7056811.925088679,859657.8275420087
3540010,7047419.928926899,873634.1750135312
3540025,7048421.7238681605,897455.3422438344
3540040,7070372.90160257,897276.3623987598
3540046,7083310.784735092,930035.1232409946
3540055,7055760.225871822,917977.8035968521
3540063,7039844.5597519595,920329.8100935696
3541004,7070226.330422875,943515.1763154529
3541024,7042819.883102115,964363.0736534712
3541032,7064692.064472739,960276.9282969657
3541043,7063199.082006601,985177.2937023109
3541045,7049238.3586593475,983973.7973247413
3541055,7057600.073958044,1023372.5206152903
3541069,7033940.828808635,1059364.1914309033
3542004,7094643.712910244,964841.2751606703
3542005,7118233.033019302,959423.4324095076
3542015,7121010.366240936,988558.578323942
3542037,7088347.814317833,988705.6331545718
3542045,7125888.376260095,1004660.4510430461
3542047,7096067.560523365,1012666.788300838
3542053,7072898.937475001,1014265.3219622719
3543003,7169754.274443765,973928.6916678885
3543005,7150929.846869481,999132.1268109946
3543007,7183517.380530261,970553.9791683485
3543009,7171672.797437131,1012976.4615507064
3543014,7195698.159808152,977019.065748266
3543015,7190996.237401077,1047043.3013392434
3543017,7193295.891040649,995177.1636883414
3543019,7214451.3762054285,1038328.3425944697
3543021,7176982.226152841,989724.7015323407
3543023,7190435.372894617,1024848.0098286757
3543068,7151292.904834769,1040724.505645035
3543071,7166545.2977321325,1041439.0965441614
3544002,7203093.402176295,1066846.8078810715
3544018,7213328.878087923,1103372.0974414963
3544042,7196709.980458242,1114000.497145144
3544053,7178529.982441189,1089792.4294918396
3544065,7160646.317375793,1071651.8603878021
3546005,7263425.326863375,1115097.3110239587
3546015,7246564.679991213,1082356.865986366
3547003,7410870.526352746,1175011.235698221
3547008,7381938.457942461,1151052.867406657
3547020,7340851.22014602,1145958.35425316
3547030,7315317.4614616595,1162835.3363106726
3547033,7325943.593844427,1177512.0716088112
3547035,7357755.981856813,1166571.9799823875
3547043,7378983.496414983,1176177.2779824398
3547046,7395515.113665647,1181164.2106107424
3547056,7375448.987114459,1200658.6584624292
3547070,7350956.153738153,1183354.4690996232
3547075,7343988.276616219,1197223.0887110718
3547090,7297945.998722225,1223210.5257900052
3548027,7188241.891858202,1220776.710635435
3548031,7184511.036950597,1202745.4518425593
3548055,7115051.065920322,1224300.8886320223
3548091,7251070.609660857,1187656.6978925802
3548094,7140661.363788925,1265914.9209981756
3549003,7155958.543252176,1107191.4313299386
3549019,7191440.804696805,1142502.7145803722
3549024,7172378.912601515,1140992.3296988893
3549039,7127462.283226569,1127855.2290520363
3549043,7150502.671288346,1133329.6770711571
3549046,7176443.516783015,1160550.6818410642
3549054,7179449.691553956,1173798.230144752
3549060,7174488.292054758,1194859.978951293
3549066,7166880.574103797,1208382.2576579822
3549071,7159074.666578772,1193968.9719741105
3549096,7118770.780248676,1169319.3372498746
3551017,6953781.008001731,1127500.12406871
3551027,6944220.569719403,1136223.3320191507
3552013,6931514.113699021,1316350.9978434832
3552023,6965239.211127358,1179933.2380846282
3553005,7033665.885461887,1230871.380163344
3554014,7124837.404673529,1354564.280165872
3554020,7117220.509007926,1348774.4995774766
3554021,7106627.400566969,1351968.1262774433
3554026,7109579.685409297,1362345.1823323534
3554029,7123312.29437975,1365095.732971311
3554034,7116708.790942427,1373702.9752561967
3554036,7103192.050854127,1370860.4717520287
3554044,7091608.127909013,1378738.189936896
3554049,7095055.452134725,1385079.5984834952
3554058,7111364.801872452,1421961.3821240868
3554091,7100941.37553557,1429873.2341898805
3554094,7056349.582151004,1371831.8934861375
3556027,6980453.268752132,1437276.8809215478
3556092,6863549.470349285,1623007.64713483
3557001,6819709.443314586,1152358.946364164
3557008,6810491.811361623,1160761.9671482057
3557011,6807467.930222044,1173898.5159455594
3557016,6818560.8821758395,1174202.3748959685
3557019,6830656.592429516,1174394.305048781
3557035,6861128.932547225,1169418.4881817973
3557051,6812141.427798992,1185716.706931506
3557061,6776328.197685952,1189494.3328380943
3557095,6796831.473324283,1348458.6839987359
3558001,6377784.71773396,1341177.6972097417
3558004,6389615.703371308,1369021.1375359788
3558011,6375110.002436536,1365363.7835268283
3558016,6361384.329543997,1368340.9027504304
3558090,6450451.462664847,1521615.9064069726
3559011,6077716.844354611,1385386.0685382579
3559016,6068220.445069446,1389579.7070557596
3559019,6059039.449710415,1390877.7088461684
3559024,6044975.673975898,1406806.5600748053
3559031,6030640.518100063,1412314.683214648
3559040,6005194.052910469,1408246.9345826805
3559047,6013075.295338589,1445465.1937120585
3559090,6175062.313730722,1395245.6081468347
3560090,6380942.301570866,1867838.5482832324
4601035,5861295.6438962845,1456212.5530159886
4601039,5905844.907358203,1459551.7053205012
4601043,5905610.5597545225,1516651.366717069
4601046,5907953.746341716,1545164.6705440388
4601071,5903419.794359552,1599942.5724811477
4601094,5946247.510795377,1519439.2902019983
4602032,5826634.507879824,1486957.1403437497
4602041,5843569.7079850035,1495822.5860955073
4602053,5863729.839440309,1485674.5950780974
4602057,5863141.557835139,1511199.3106954459
4602075,5824038.402507346,1517107.6581266092
4603030,5802920.1666079005,1467092.8088057975
4603041,5779754.547681837,1461918.3805301872
4603047,5748478.657081695,1465848.9690991214
4603062,5762920.131272415,1489164.461098307
4603072,5753508.334638117,1510270.5410853089
4604034,5717490.869251589,1473568.5568459947
4604040,5690287.230234877,1474151.0878102218
4604057,5669574.937709724,1499857.5137328727
4604064,5702708.841599554,1505210.475006822
4605025,5631971.916808253,1480631.6005068105
4606016,5568256.562243467,1546668.8075217314
4606023,5534233.159728453,1551542.5604363536
4607057,5599455.396760512,1557309.337137613
4607071,5629186.745529176,1563330.3577171352
4608042,5692309.506197624,1530645.9868048546
4608046,5702672.768081767,1559607.1894381053
4609018,5754218.250017433,1529573.4018867577
4609024,5746120.048705041,1562609.1346652107
4610035,5797587.204367708,1520907.4798021365
4610043,5782257.4593020445,1547377.5086572382
4611040,5821288.41221931,1540642.4459673506
4611042,5804648.820419279,1542513.541815886
4612047,5854307.814152949,1542902.8020565703
4612054,5869312.051307049,1566348.5841765737
4613037,5827911.064061627,1555859.774704607
4613056,5857580.576676408,1582420.6594480034
4614015,5804532.296959473,1557846.8704435844
4614031,5784939.654046683,1582630.833038024
4614036,5815984.354078539,1587973.1707174762
4615037,5579016.1964791,1604579.27896364
4615078,5659113.161992681,1620955.2466719388
4616005,5577323.37933958,1662711.4297431898
4617026,5698320.797019467,1676751.2337774998
4617035,5670963.610989942,1655152.4509822824
4617041,5672800.38318153,1682077.0298645408
4617048,5633179.985465701,1709062.420349781
4617054,5606784.184041086,1707747.6635555532
4617058,5582897.892396556,1710755.5700821998
4617064,5608730.56700828,1749988.1480918252
4617072,5641845.2563267965,1753944.8013803286
4617075,5661055.691894928,1708302.5662452101
4617092,5621065.87251941,1667534.454906195
4618031,5836503.334441009,1627644.9148978328
4618037,5808506.150677524,1632292.4225919624
4618040,5781694.559655853,1607096.475173674
4618044,5771864.303195389,1632716.031746352
4618060,5749156.337924334,1715084.995801468
4618068,5797743.7316183215,1676785.9964379654
4618091,5869277.281160985,1685640.4775030199
4618093,5740416.649802827,1630219.406640832
4619045,5824214.456181334,1794386.0153465176
4620032,5617483.136756873,1789569.4717986546
4620055,5573806.232998243,1868200.2759171263
4620066,5575609.546106758,1770354.0213007105
4621078,5671488.4500222895,2036591.2251309678
4622046,5930301.249424313,2076829.7507257892
4623062,5916589.451009419,2383344.914746724
4701001,5499538.178333592,1496987.3799355857
4701006,5476667.45288098,1500141.020099406
4701011,5448973.668245503,1504606.9998227975
4701016,5419963.482742149,1509479.2245097978
4701022,5391163.787641266,1514547.1945878211
4701027,5395981.19608323,1543160.742534205
4701031,5424802.427153831,1538155.0496587905
4701036,5453661.405909293,1533315.6213466665
4701039,5480490.512981613,1529780.4474361232
4701043,5502494.988033659,1526462.2345663814
4701047,5493091.607619249,1552751.6580102488
4701053,5458253.067979331,1562542.8522999645
4701058,5429651.572687284,1566337.6571573666
4701063,5400545.454430814,1571884.5541760696
4701069,5405286.276423505,1600604.0965368527
4701072,5433671.618409957,1595090.9854738358
4701076,5463091.062478011,1591192.5346546413
4701091,5487348.269115705,1582843.4418896828
4701094,5507729.846703577,1580347.593810692
4702001,5362444.269901714,1519694.9265317782
4702006,5333656.2081134,1525064.8628960156
4702011,5304898.823326018,1530669.8303234295
4702014,5276171.84413134,1536371.2967169976
4702018,5247488.6117876405,1542296.6059021584
4702024,5247243.300674929,1570203.1960961125
4702026,5281080.053233882,1565009.4993340848
4702029,5309755.57737078,1559297.8952085092
4702033,5338442.941406,1553714.9628709268
4702037,5367203.191560329,1548344.1783790323
4702042,5371737.768016091,1577081.594753439
4702044,5342955.627618564,1582468.8820008105
4702051,5314206.695857292,1588036.7519220388
4702052,5285499.709123651,1593783.5397872205
4702057,5256835.524809931,1599736.8618230212
4702061,5261757.877664132,1628426.7437583948
4702066,5290388.14597762,1622487.099861878
4702069,5319056.668115628,1616741.5891940077
4702073,5347772.00220022,1611181.761616121
4702076,5376516.708583423,1605797.2392857934
4703001,5218848.840888883,1548391.8603198745
4703006,5190825.798076132,1553954.2375841236
4703011,5162075.684113606,1570641.7997476244
4703016,5083895.13047411,1609779.3780999011
4703018,5109034.759561396,1588606.603178711
4703022,5136362.874852202,1584866.1899261838
4703026,5201910.78119451,1580812.1080759773
4703029,5228226.890621085,1600080.0495267792
4703034,5201896.436508151,1611663.4412957781
4703038,5175105.872833274,1614177.7620917684
4703042,5147275.015686231,1624283.890612969
4703048,5118798.825770365,1631106.775518642
4703054,5090349.7631480275,1638112.8895313845
4703059,5096877.635850303,1666463.4619095044
4703064,5125269.588611797,1659458.2844406469
4703068,5153723.339000182,1652640.9868636732
4703074,5182181.189747792,1646022.1010876996
4703093,5207106.118722714,1640569.405039231
4703096,5232449.794177875,1634251.8361333231
4704006,5020571.648549152,1595957.280508663
4704011,4978145.824455437,1607350.706394577
4704019,4928276.979335964,1637122.767065941
4704024,4985092.461661511,1642634.399315408
4704028,5061934.6746396255,1645303.8789582043
4704034,5031472.656949317,1643244.6646761014
4704038,5005269.938799768,1660217.7235737734
4704045,4940334.704907028,1695471.0516883708
4704050,4986054.361541047,1705656.7644916547
4704054,5011962.068117585,1688535.234602658
4704058,5038143.478635429,1671522.0127050509
4705001,5511168.432039671,1614527.0308550438
4705007,5491809.711423081,1616980.224517924
4705011,5467549.224762654,1619454.8572845503
4705014,5438772.657035157,1624279.7393512374
4705018,5410015.041417189,1629286.7219952736
4705027,5405314.778461693,1658520.3986345457
4705028,5436569.127055425,1655306.2291569598
4705033,5470827.7507220935,1646675.3642276041
4705037,5503917.731256556,1640756.1248219172
4705041,5508008.61196419,1659534.3205712608
4705047,5509582.133668191,1679029.0707606717
4705051,5476429.2630294375,1675761.1483155214
4705057,5448985.960499708,1682736.9566647194
4705063,5417815.835273266,1688066.6371405197
4705067,5423719.5921406625,1717777.7883142969
4705073,5452890.368310644,1712859.4951973325
4705077,5481758.080806535,1707958.7686406765
4705093,5512651.5484913355,1703057.9516989214
4706001,5380967.886258301,1638097.7248463125
4706004,5353351.694184965,1644624.25375515
4706011,5325199.837853547,1647126.711561572
4706013,5295312.096468798,1651155.2579985615
4706016,5266725.134074554,1657082.321448544
4706021,5271722.898836635,1685680.7716399876
4706026,5300256.902231226,1679751.241312393
4706029,5326418.856684552,1687825.278335421
4706034,5348992.350204616,1681145.2279693626
4706038,5376754.583243638,1673602.6078607137
4706042,5392056.069097349,1693454.8672482076
4706048,5360316.300761862,1702997.3383896651
4706053,5299594.162752913,1706315.339983231
4706059,5263942.221142265,1718309.531905329
4706063,5263231.198201183,1745796.8268563908
4706070,5310897.206216149,1733680.0941226128
4706071,5290456.245941311,1742705.8336521038
4706091,5337465.69341559,1729849.0380882868
4706096,5366401.733888272,1725910.1800842874
4706099,5395094.442326267,1722904.963333081
4707001,5238187.287802,1663192.2059868437
4707004,5213324.553751384,1668356.545388812
4707006,5188606.032280313,1674342.1151384234
4707011,5159395.117154222,1680431.7710350405
4707014,5131779.110903019,1687768.634193318
4707018,5103437.290030905,1694762.9126391797
4707021,5111003.469681265,1729477.3998144215
4707024,5139473.2741057025,1724635.1746446947
4707029,5166986.907586504,1708211.1168458422
4707032,5195042.640018272,1702621.1210595975
4707036,5219111.255264104,1697114.296044639
4707038,5243221.654294763,1691791.021517064
4707042,5230551.3805222,1721116.645769743
4707047,5201420.704923448,1730911.337311527
4707053,5169809.514222629,1739146.541592698
4707058,5145736.99083721,1765168.7270140538
4707063,5114606.71778339,1767453.7727291984
4707066,5127325.889594107,1798298.778707034
4707071,5177197.997069396,1764556.8283886143
4707076,5207815.102118596,1759165.709004197
4707091,5235380.289746745,1749907.6360585887
4708001,5076185.170765693,1706641.3278995454
4708006,5045741.305937357,1704558.4701280587
4708009,5018675.742783011,1716815.8120239228
4708016,4962401.817847072,1732434.950539411
4708021,4942757.7863539485,1757721.8934444545
4708024,4976220.197749784,1758672.7997738495
4708028,5018356.997634769,1746967.1642406965
4708031,5054258.289588782,1746871.0209610031
4708038,5082950.496593474,1739990.9118655594
4708042,5074071.778180381,1782440.0712367748
4708046,5032795.578008357,1779936.011831713
4708053,5005978.4228006005,1790925.1007050425
4708056,4977452.4987854725,1796143.7376097783
4708061,4954213.725044204,1801219.3491716965
4708065,4979005.954701757,1840081.3783041087
4708071,5015763.981724919,1833260.698022469
4708074,5047695.825380046,1822397.3304527912
4708092,5093386.147862834,1813594.7033817577
4709001,5515061.432875863,1731040.730038325
4709006,5486447.0726235155,1736914.239099234
4709011,5457604.690580003,1741726.602188877
4709019,5428754.705952444,1746748.6377081051
4709023,5433491.386847768,1775599.0424636556
4709029,5462306.2609283,1770618.871978364
4709033,5491103.1809808705,1765718.513855228
4709037,5521044.685476792,1759226.6446009856
4709042,5524372.128911779,1788250.430093227
4709046,5495448.753419899,1792695.4700773358
4709049,5466766.136042073,1797466.8938432424
4709054,5438136.39300746,1802464.777366509
4709060,5444171.761770384,1838662.2667349956
4709062,5472722.646271638,1833644.9209112083
4709067,5501313.341735778,1828861.8694098694
4709075,5529091.474470192,1824015.672343858
4710003,5400009.849442031,1751995.89209905
4710008,5370956.788524327,1756256.9278032538
4710014,5342889.053634892,1760113.7388258108
4710024,5327886.879232178,1785410.304741447
4710031,5376086.013026944,1786226.188147227
4710036,5405912.545339412,1790715.5383375213
4710041,5380945.397474278,1813025.5693486964
4710046,5351583.239476849,1812887.0537790938
4710052,5324315.763609419,1822848.7517726999
4710056,5328535.579425566,1851080.5724298107
4710061,5356963.267182563,1845354.1538447815
4710066,5385477.886770976,1839795.844568497
4710071,5414320.107781309,1831224.9843641685
4711003,5293819.347605016,1769538.8062405766
4711006,5265508.351918739,1776263.9655970787
4711011,5240514.131393192,1781111.9069497646
4711016,5214241.736127333,1787362.1826787603
4711018,5187725.197519625,1798763.2321429627
4711026,5177408.670946055,1829332.804491
4711031,5204396.498640584,1827204.3530752186
4711034,5232078.39084374,1812904.9542275674
4711039,5262429.6167905135,1806126.4428264678
4711042,5290806.88867052,1800006.1856176327
4711046,5295321.878487988,1828553.5760332474
4711052,5256942.487542199,1834592.217128216
4711059,5231689.858750135,1842577.0307041293
4711061,5206988.428917653,1856961.6164159514
4711065,5200544.206071201,1904076.5396650094
4711066,5208466.17979323,1892531.7930385638
4711069,5233388.881084689,1871824.822220354
4711076,5257308.460798043,1866021.5400351505
4711091,5275550.827978907,1854395.4446193504
4711096,5300213.886834331,1857041.2669585568
4712001,5079668.522983366,1850323.5085994385
4712004,5107775.663406947,1842998.3561418948
4712011,5130059.3676238125,1832336.6804878735
4712020,5152520.18717047,1825306.5085620824
4712026,5172384.380161891,1858139.1747974574
4712029,5142134.226085748,1864019.1610352227
4712034,5113958.793294405,1871183.1870733348
4712038,5085813.078313784,1878539.3291878798
4712042,5113642.565645804,1904239.6835851362
4712050,5148698.790722985,1892135.0006141304
4712054,5177821.806631818,1884299.0204873732
4712064,5153846.6033642795,1921306.9066862625
4712069,5130621.23166038,1938395.6569198486
4712072,5103833.361783979,1932713.7603023963
4712078,5106858.074156865,1981181.7996855834
4713006,5028301.271193935,1864325.1234666163
4713011,4979627.048418156,1878099.8324722918
4713016,4986659.177323846,1906054.2315289997
4713019,5006340.904857724,1900427.6354114038
4713024,5029685.901270791,1893834.8280419507
4713028,5057724.252855711,1886097.4762350433
4713032,5075617.582610182,1911456.252890496
4713038,5052197.455604504,1917160.630137355
4713041,5027118.051042678,1924512.931996522
4713046,4998754.637317269,1932394.1225541276
4713049,5006229.126134237,1960248.4462240313
4713056,5033869.7652693475,1952572.0520155386
4713059,5058838.543224246,1945885.0765677546
4713064,5081994.439091043,1938946.73834011
4713068,5085075.3931607595,1966301.74655396
4713072,5049895.444702286,1977968.4994773162
4713076,5018311.537688422,1986948.4147522633
4713079,5025310.028178766,2020334.7670199675
4713092,5048123.156880638,2011835.5994753195
4713096,5073410.78318821,2000848.5824361404
4714001,5511864.954924121,1930431.9645641835
4714006,5457083.574630166,1895732.0137335635
4714021,5418240.816506866,1866350.1347684977
4714023,5390172.771001909,1868347.8683538751
4714026,5361769.4366757,1873776.6300909303
4714034,5394986.81582313,1896555.4545738497
4714035,5366642.15666451,1902139.2465208475
4714038,5428331.194597559,1912078.0391218509
4714043,5399552.415040555,1924991.0687129614
4714047,5371044.083665943,1930607.8639739272
4714053,5375959.462727361,1958938.595600198
4714056,5404355.58207084,1953367.0438407338
4714059,5442257.964142139,1946298.3199590629
4714067,5451073.827324758,1985807.4122657399
4714072,5403811.595908004,1979005.142717083
4714077,5383009.05247786,2011709.5874882445
4715001,5333405.36148289,1879528.899640163
4715007,5305109.478893242,1885467.0475924804
4715011,5276813.122876138,1891596.4092454978
4715014,5254354.452740743,1900957.220693281
4715018,5237132.277122864,1905093.919180947
4715026,5213617.520679615,1939363.106610007
4715031,5236672.026641958,1939641.3347690762
4715036,5265648.352371847,1930398.7879424396
4715039,5285159.304593041,1922497.2742382835
4715044,5310908.789876018,1913258.3637685936
4715048,5339203.30309583,1908105.6320837487
4715051,5342267.827481033,1936662.7191529295
4715054,5314676.056670607,1943113.8827434564
4715057,5280102.911499026,1952479.8103041155
4715061,5255833.628194745,1971675.6751729986
4715064,5297210.790229409,1981442.7298718009
4715067,5309105.790548795,1967525.3105122936
4715071,5343829.921344235,1966767.6913584792
4715079,5324471.407451779,2002065.1308703825
4715094,5293566.872205268,2006213.2512319016
4715099,5316466.652739076,2044167.227146102
4716005,5151010.849144502,1955040.6472656108
4716008,5181391.474640703,1936989.1700986188
4716013,5212789.018703574,1965098.3085956
4716018,5185483.243710412,1967608.2833799247
4716023,5158521.332623189,1978775.4917324653
4716028,5130020.457067677,1987560.847632511
4716033,5146525.693687975,2011356.269321054
4716038,5179127.439920174,2003316.9022974588
4716041,5222875.4928254625,1992727.2285945164
4716046,5265081.171160533,2016402.2516648197
4716051,5231640.727260448,2035284.9483769394
4716056,5189301.324658215,2044870.509537832
4716062,5154020.294291142,2047385.1280339553
4716075,5248477.551725034,2085344.948855418
4717001,5118698.302350075,2018868.359908956
4717008,5095781.004581148,2035738.4944189605
4717013,5079879.146574494,2024531.4005205315
4717017,5064438.539356104,2050245.536884598
4717022,5032588.866499385,2050016.0841735033
4717028,5042072.164647674,2081142.5345887651
4717032,5067547.039678921,2095691.2388587012
4717045,5102777.827478202,2077982.5107032924
4717047,5127237.717673703,2057431.483919646
4717054,5156308.216050231,2129448.9652793393
4717056,5086854.126946949,2133483.6878808634
4717062,5083957.148312195,2175226.7374528935
4718090,5376498.506550348,2393209.436749694
4801003,4882773.72007623,1736196.7023551094
4801008,4825686.702376058,1692421.8994811748
4802001,4752820.675789091,1691294.3209276504
4802011,4728266.638407042,1766626.500355591
4802021,4778802.0153740775,1759316.9335777278
4803001,4683195.513808179,1714950.0667486154
4803011,4627342.238054776,1753581.3125049218
4803018,4674641.471678729,1801247.9806776692
4804004,4863447.239542318,1889507.4825859156
4804012,4920134.418086386,1874186.926871259
4804020,4939118.575015809,1942817.172008548
4805001,4737845.105730893,1837707.0902174346
4805012,4759668.983770067,1903658.2965509468
4805031,4807068.653593602,1952847.6186985315
4805041,4761107.283148522,1968232.0017448175
4806014,4690953.189720522,1939917.415244496
4806016,4686440.824355909,1921125.0421639406
4806028,4697312.833790109,1993934.5589970048
4807001,4956873.014954151,1989227.6585311464
4807011,4880716.315387378,1991637.2315855636
4807019,4825416.816884197,2010900.4571245697
4807031,4889785.137753733,2043833.8217734685
4807049,4964655.882261461,2035886.1558850505
4808001,4743557.970533303,2026834.4731536533
4808022,4759922.288807501,2059222.07999086
4808038,4758886.737760601,2091253.6185777555
4809002,4633343.805905231,2091560.721452286
4810001,4838053.189849259,2087274.510384234
4810016,4886715.5849710535,2106012.2259943285
4810026,4928355.429074662,2113485.455413273
4810036,4998578.8819994135,2088645.844982931
4810048,4940554.525051775,2145901.900855861
4810058,4880694.51706721,2170593.2741375407
4811001,4765132.729756405,2118634.3760617315
4811012,4783853.299607888,2143566.5623085215
4811032,4699642.325592695,2164947.386345146
4811034,4758371.032654782,2181995.870664631
4811052,4840210.303831034,2162713.8111263267
4811059,4822379.726486051,2198448.7695512045
4811061,4813690.105382712,2165851.8439626684
4812004,5019054.828942524,2198000.528208951
4812014,4976496.503619507,2169280.906720779
4812022,4917181.70271834,2211289.068635232
4813018,4775839.960273604,2253370.0729437293
4813028,4819561.429931542,2250778.1834832313
4813029,4730212.627668217,2291298.7192399832
4813044,4892524.579800771,2289338.5074419426
4814003,4591434.569181256,2248442.3991186772
4815015,4633633.697302421,1979256.5948401894
4815037,4512637.709077939,2205627.1888888995
4815045,4597784.365430924,1943527.4842114083
4816037,5080898.323059506,2541962.3479624856
4816051,5042928.509076483,2730552.8398422045
4817026,4780799.297453702,2540132.985440752
4817062,4624614.772997241,2625086.362526325
4817076,4698570.801787527,2668325.4369488955
4817095,4827489.6449412685,2773765.0560477767
4818015,4581368.5442075115,2381795.24269165
4819041,4678134.181017747,2467678.7955278032
4819049,4635384.015722147,2498804.3915476417
4819054,4598751.196951041,2516628.799532902
4819059,4564222.039691141,2541861.234604487
4819066,4626969.810367564,2536412.599476055
4819071,4669099.673758086,2528737.4649502626
5901017,4586685.865398601,1799567.7498442337
5901019,4539546.317589456,1760128.1903085522
5901035,4524170.179616508,1801588.5074977663
5901037,4505466.742253202,1844420.1806758977
5901046,4543639.015548257,1891129.9366834268
5901048,4538804.627836427,1951491.081173915
5903010,4442362.314717052,1828359.3806881816
5903013,4464734.757589181,1791905.6038806718
5903017,4429936.775035205,1791721.8647043428
5903039,4467133.452372169,1925372.0385445296
5903041,4419039.417480139,1849158.5727694212
5903047,4400005.608625918,1814650.8967999918
5903052,4409760.1832526475,1889812.2104449153
5903058,4364185.27878119,1858238.6185543102
5903060,4395791.1717231255,1934677.8648946914
5907022,4246669.305991471,1865813.6346967889
5907026,4228402.643740619,1876574.2886195756
5907028,4252085.4308750285,1879377.3344091638
5907047,4255300.255221125,1903102.069335621
5907049,4269473.083036692,1925654.1195719906
5907051,4246662.754786809,1934117.1537340062
5907053,4214301.590331465,1903253.1220598014
5907055,4193075.238711635,1941535.0022633274
5909016,4126353.85546204,1996595.629759963
5909034,4108563.358250341,1956570.7319737293
5909036,4098632.1283188025,1941467.8206816975
5909052,4061651.6581987827,1957966.4590028955
5909060,4073792.333395206,2009819.6559606865
5909062,4076539.8960748427,1961944.0768631257
5915001,4044188.6303350036,1970235.7647492453
5915004,4031691.4551105862,1979376.8717620242
5915011,4016005.3769478276,1985508.3138112517
5915015,4013549.0742514995,1995275.3071944583
5915022,4017785.6268298305,2003626.4635736486
5915025,4027066.4697795664,1997568.653861659
5915070,4047594.5090254718,1990688.7631570965
5915075,4056592.476469964,1984724.00728639
5917005,3965239.9018354006,1956786.193258759
5917015,3962419.2325054323,1949064.2876841628
5917021,3959740.216050351,1937713.3732878852
5919008,3954840.925562052,1982029.0985871118
5919015,3950400.7214601277,2006915.9546958169
5919033,3915581.849391794,2002808.0590022258
5919046,3948544.209781307,1964898.4327707621
5921007,3961754.7488714363,2022322.5554045718
5921016,3936098.48811994,2032395.887262121
5921030,3949549.2864396935,2042306.6229343405
5921032,3933044.1947044814,2053869.8107470563
5921034,3940269.6882491265,2056428.5329647693
5921036,3921330.707059888,2072194.672799097
5923033,3909650.7657173024,2076062.0986951108
5923035,3863125.0357392826,2097922.535828976
5923039,3911967.3977842405,2055168.7315549208
5923047,3887442.381665624,2035875.428319147
5924042,3859899.5830189954,2182193.2426863736
5924054,3983141.0973977125,2213166.6458465937
5926021,3917982.985758195,2094582.320805342
5926022,3925759.1566769364,2113980.0371541297
5926024,3907536.8457357637,2124733.1536754123
5929018,4007961.112321956,2083441.7015726608
5931017,4067636.5392604563,2102762.022371954
5931034,4133790.91655772,2136883.1642845115
5933032,4211078.221996186,2153184.9489048165
5933037,4181862.07929722,2069047.23628901
5933039,4249048.130839593,2079194.850201257
5933068,4357646.667183617,2189468.893410151
5933070,4401699.361828926,2168893.4980784734
5933072,4327060.531527494,2105188.364159849
5935012,4300466.730753646,1947301.761541853
5937017,4312019.10699838,1988329.7393735216
5937022,4335646.502865624,1959370.6486432957
5937023,4369669.279240217,1962362.5417034968
5937024,4327020.975552589,1998311.0228530662
5937041,4365767.701499134,2007825.8728676136
5939011,4498389.362003922,2061211.1092647894
5939037,4342168.048913729,2041412.260547054
5939039,4321431.645539943,2017759.082629976
5939043,4426411.738147209,2051975.8670735874
5939044,4370952.213115054,2071445.5445482687
5941010,4234526.644766234,2278087.199596286
5941012,4211324.705438076,2223525.861192081
5941014,4299663.795207095,2259541.169017933
5941015,4243424.725847562,2199882.8985509947
5941016,4300188.278843655,2187657.0988982776
5941017,4271950.565547784,2160855.1113319267
5941019,4245228.386161862,2321739.7541325693
5941021,4248537.77168038,2370591.2800429105
5941026,4310040.899677884,2333410.561945536
5941027,4182099.4982503764,2385920.3665391942
5941039,4071791.984785225,2335811.9643021105
5941041,4157457.4173779143,2258049.919005303
5943031,3895619.514947316,2283751.8899567155
5945006,3941893.9811912766,2414695.68000188
5949013,3952873.5100110294,2619206.5323080462
5949028,4069469.0278812908,2949634.5111064445
5951015,4222386.987865829,2638229.269867389
5951017,4158012.1831309423,2504619.598728916
5951019,4207094.728841685,2474953.0897524455
5951028,4136808.9596817372,2585217.1939309603
5951031,4065519.17772276,2523333.5920095225
5951051,4075393.2319735982,2667962.2725713016
5951053,4099216.643531059,2676623.10635817
5955021,4469435.717832822,2490590.250149153
5955023,4417258.015605954,2579821.632631773
5955040,4401998.273532227,2772867.9078518874
5955042,4505615.760856144,2616283.592172882
5957022,4150686.1693604705,3134974.160409357
5959007,4509988.816109515,2961830.070912629
1101005,8415023.909078848,1616395.1903122223
1101035,8419548.096488103,1665880.3618641593
1101037,8402894.571292754,1652794.1215538934
1101043,8391374.515007518,1645598.8592489397
1101045,8404288.592023453,1630728.7722628796
1101052,8384396.742611477,1640679.78353056
1102002,8398542.3807226,1609661.895541868
1102010,8374642.392025468,1621130.1968812502
1102016,8387299.459433458,1624039.0606430448
1102017,8344296.745528291,1626530.261409595
1102018,8344310.099279823,1609354.9513330457
1102045,8337275.294208843,1634282.443469327
1102055,8358729.155602135,1626004.9096576304
1102064,8375992.311251112,1636127.7279074197
1102067,8363269.69879248,1631859.1029309607
1102068,8359393.262802691,1608114.6832893752
1102071,8329150.563583592,1625694.4260294163
1102072,8349627.689913909,1618128.6600464187
1102075,8364284.553280856,1623315.7331104588
1103002,8328369.605801554,1604381.3937043184
1103003,8326508.660915562,1609650.6820520023
1103004,8336545.606527585,1603891.40122568
1103007,8316304.005825701,1628220.0191957338
1103025,8311458.974264726,1613062.74897823
1103040,8304674.3304927945,1615401.388341381
1103043,8289625.429386784,1627702.170661769
1103061,8265194.78572255,1654511.1178157963
1103065,8266905.244945484,1627220.7479154922
1103067,8321881.37344993,1617733.0356534359
1301001,8217239.493562555,1438447.429062395
1302039,8104344.976045007,1392160.9504737696
1302042,8117463.7632761365,1389308.2601875728
1305015,8185078.357218235,1423858.0390511442
1308006,8202809.451159302,1562991.673095726
1308019,8202064.319453754,1606762.4535027384
1310031,8130469.9827989135,1499016.736480097
1312016,8008449.024288714,1544966.3107127286
1313002,8000025.205894098,1566458.8199752774
1313004,7975451.351008773,1589739.1473173324
1313022,7942746.251074432,1596715.224676415
1313031,7923648.194023085,1556635.8568647837
1314021,7974976.47010503,1631420.331156628
1315002,8174771.486428887,1681985.8206113302
2401023,8400556.833561594,1781583.823706836
2402005,8158657.561459244,1788592.042162293
2403005,8124269.217150259,1833026.5360829239
2405902,8091762.419728149,1759955.5641928364
2406055,8021335.111219071,1686030.1810514429
2406902,8033257.883014663,1722416.9042841587
2407030,7965003.532238212,1700846.117823519
2407090,7948264.91239993,1703723.2084786026
2407910,8011355.325758861,1748347.0232324216
2407914,7965800.761502108,1724568.8420425355
2408023,7973271.17498755,1762415.8318559984
2408073,7943652.118719328,1733637.8446122736
2408080,7927382.441048849,1726584.3729293866
2408902,8001799.233027471,1761134.4387301519
2409025,7913776.308104248,1690288.2635656248
2409035,7920149.552306749,1700277.1442601597
2409055,7921007.270857516,1712578.3653442007
2409902,7944767.457598962,1671767.5177223643
2409904,7951112.024488288,1686270.915405281
2411005,7872080.088815322,1610688.4957136977
2411010,7875697.331279329,1622421.2999110206
2411035,7861610.110868691,1620434.9125789693
2411050,7874553.835543481,1636615.8045381878
2411055,7866870.226353244,1643975.532838982
2412010,7872775.472605068,1595338.591802453
2412030,7863600.604728204,1604438.4187411324
2412065,7851299.790606328,1602683.4893694178
2412072,7847078.046494602,1590023.5809310738
2413005,7914693.548188432,1599198.1593736778
2413010,7908498.736533766,1565323.5874120886
2413030,7900435.096029638,1575792.542432967
2413060,7899261.685949137,1630564.2426191233
2413073,7900773.615181239,1588742.6278272702
2413085,7883539.574161253,1584835.6013752504
2413095,7873258.571919958,1557764.2770634647
2414010,7856828.482842248,1552674.2456287092
2414018,7839562.616745573,1552183.0626902287
2414040,7838932.0406638,1571277.974814404
2414055,7830192.328430845,1545053.624025846
2414060,7834750.629438241,1543421.8020474217
2414065,7827700.281438544,1538450.7847660405
2414070,7837600.264491037,1533342.6989452068
2414080,7838447.3610699475,1524357.3299747847
2414090,7829066.917493823,1527974.5069797984
2415005,7804528.596615439,1545487.5830472892
2415902,7788928.1253672065,1576468.9647157092
2416013,7758805.125855567,1544657.5529343765
2416048,7800642.846792299,1533863.0970111594
2417005,7861724.866789635,1504370.436112716
2417010,7859179.250342189,1492231.1590065015
2417020,7841810.041986559,1479099.9571433542
2417025,7849345.289047556,1488872.974703748
2417030,7845544.88085781,1502534.3297281489
2417040,7834144.515532799,1510493.765393022
2417055,7824360.399479969,1502011.4393586246
2417065,7821337.738703934,1517618.2145753822
2417070,7818610.533221557,1505352.0485678478
2418015,7849686.336044491,1449190.021941082
2418030,7823777.4648237415,1459622.4329265035
2418055,7804893.187702478,1464163.6191802167
2418060,7798860.369346848,1459728.2015112292
2419005,7825013.839790236,1444135.8937310274
2419015,7813737.392560784,1426984.005821179
2419020,7818532.520742338,1418979.4587574527
2419025,7807322.03459248,1422899.0500914054
2419030,7810064.805375594,1435265.7735152245
2419045,7803274.488612146,1442180.941193905
2419050,7801017.716928465,1434298.9474456606
2419068,7778693.357672449,1431289.1768746246
2419082,7798301.5040194765,1449975.7691624337
2419097,7785581.301199779,1446176.8073295963
2419117,7790890.792878665,1457125.3313676263
2420005,7783500.255934407,1470006.0325903804
2420010,7776617.303159996,1462791.9165925754
2420015,7780394.469811266,1461549.8985856778
2420020,7774380.159786986,1452293.0650345883
2420025,7770622.209960249,1452469.7188090927
2421005,7729442.375633763,1515251.5442794731
2421030,7775565.49266224,1475237.8863984966
2421035,7762163.408404321,1470411.7655470367
2422025,7736166.67639837,1464086.3075787406
2423027,7751096.720737364,1439879.1641576388
2425213,7764891.366176832,1428826.3354131267
2426022,7787622.252179772,1399793.3854120364
2426030,7791432.3337522205,1406518.112197723
2426035,7794719.820991185,1415691.398484405
2426040,7786760.88163917,1416038.8476608018
2426063,7779471.075346115,1419007.1137358667
2426070,7769839.907202499,1416282.1568697693
2427008,7808584.516213075,1376954.2043118493
2427035,7819763.95105428,1405447.8600310215
2427043,7808377.29376343,1399133.440790554
2427050,7805208.250968259,1392446.2905603533
2427055,7804180.455089789,1384980.0015481792
2427065,7797696.7245432865,1390514.0518200316
2427070,7791000.922485737,1393017.544601293
2428005,7851959.965632278,1387187.7532336768
2428020,7838280.617435597,1394967.3074159988
2428035,7847615.068721486,1401084.3516027525
2428075,7833705.609182743,1433812.7380769046
2429005,7854398.497224946,1366011.9783534592
2429013,7840462.21306104,1352546.4313694062
2429020,7827297.66302142,1347924.210091123
2429025,7810642.222142979,1353977.1735761939
2429038,7822684.163163506,1360544.7750771695
2429045,7834973.197900638,1363579.2945086341
2429057,7840854.542651533,1375430.9736852108
2429065,7836367.347105785,1385771.3756595184
2429100,7820420.927435082,1372076.3702533136
2429112,7810516.525870449,1366576.290683508
2429125,7823990.651335815,1388952.0977029414
2430050,7824709.040314918,1327302.3694050298
2430070,7848863.415572909,1341891.6378175793
2430080,7829815.04426275,1335502.7111363863
2430085,7818247.703960746,1338823.2648768635
2430100,7810266.924618401,1331609.4277220622
2431035,7768085.0579596665,1347225.5445075904
2431050,7789662.26485987,1345949.209072286
2431095,7771565.739958736,1361431.8762209397
2431100,7768228.110835986,1367053.942414099
2431130,7796837.491594334,1377069.032918847
2431135,7784271.056398481,1381053.9543933717
2431140,7772656.584442412,1382284.026224814
2432050,7754980.36913981,1367046.9584876257
2433007,7779059.459221083,1391710.0493920613
2433017,7763117.138573393,1388741.787317002
2433025,7773250.726260363,1397982.3641232655
2433030,7771164.083349125,1405673.985648333
2433065,7737965.150198381,1390620.0701778147
2433080,7727965.6196476715,1399623.8724778038
2433085,7739971.68451815,1405079.122253599
2433115,7719663.214342577,1401752.8996412628
2434030,7726266.134371594,1415222.9566064444
2434038,7719036.902432392,1422833.9101746192
2434085,7694374.863874176,1407393.0863009165
2434090,7686158.4012774415,1412301.196553914
2434128,7693573.993194188,1447694.3368438215
2434906,7660481.986297211,1456822.1878409816
2435010,7655430.971090453,1423638.5931271485
2435020,7673913.621026913,1393638.597399369
2435027,7656791.13556072,1400104.6957465748
2435050,7662614.876825486,1411546.088297906
2435904,7592348.227774909,1427653.8635067504
2435906,7573058.699929092,1413396.7914610861
2437067,7674954.626956452,1359917.8483817426
2437205,7696455.544033808,1395173.590597221
2437215,7688928.252339751,1384528.479262657
2437230,7677447.840329499,1373658.3089472482
2437240,7675439.564635286,1384376.9543249412
2437245,7685257.352294187,1393792.7335289947
2438005,7708159.503628537,1354450.3252980376
2438010,7696828.460998776,1360605.7118320216
2438035,7720308.864835102,1383399.9603066922
2438040,7711867.641763348,1376177.0865262754
2438065,7703241.006405058,1381137.3698307935
2439020,7750560.836432724,1324984.47508995
2439035,7753654.530938319,1344548.5021771218
2439043,7744124.027422498,1348554.5126677814
2439090,7728781.383707132,1323473.6232272757
2439105,7721964.22837719,1321417.0605451951
2439135,7723501.9308746345,1340711.7481893871
2439145,7725742.98967533,1351361.812216891
2439152,7716553.587107086,1351730.3638246525
2439170,7723807.8083143,1362640.818274241
2440005,7772585.799378868,1320002.8536737734
2440025,7766647.554037118,1308606.0127336958
2440032,7755090.725670562,1303600.03841462
2441012,7797077.26246727,1269784.295808377
2442020,7745032.649014432,1282764.2646917114
2442050,7723487.273602895,1262506.0643905948
2442095,7750115.705918363,1289994.1840780582
2444003,7798353.928013464,1261149.3249754608
2444015,7792691.258346665,1245699.2822884056
2444055,7785957.907949123,1257477.7308607828
2445025,7749742.104780538,1235659.6098175237
2446025,7685551.233278336,1214819.8991987428
2447040,7713006.561455057,1262256.7435159527
2447055,7693748.502050219,1262338.9632295207
2448005,7718117.207620257,1271961.081978358
2448020,7715519.640517468,1283096.663961972
2448045,7700849.810717133,1288273.253089938
2448050,7694940.884001468,1292820.5432625455
2449005,7726588.33159555,1307887.2737083898
2449015,7720794.125716171,1289401.4344656786
2449030,7716185.255367313,1313955.6312249263
2449048,7694628.758924661,1302464.6708979718
2449105,7687416.197045392,1297243.5054567123
2449130,7677819.4774499815,1316269.1570863114
2450023,7703620.782496667,1345098.845036172
2450035,7695841.7119975155,1347181.5051840532
2450042,7702562.148759563,1336491.9347696702
2450050,7696723.9791278895,1332368.8026452889
2450065,7691772.416270038,1341718.2026787181
2450090,7686040.263299348,1326582.29876065
2450095,7679619.450484008,1324312.7945617426
2450100,7675901.353453853,1332785.424173986
2451008,7649238.33986602,1333046.3908245978
2451025,7655379.771320513,1357667.0171509
2451030,7653640.454516113,1352634.0007433258
2451035,7649880.4924336225,1347845.5713774827
2451045,7640923.391577315,1336885.8445936122
2451055,7624994.523947497,1374495.7505913174
2451060,7641890.61089438,1356464.9267506895
2451090,7661358.317084309,1361342.8028124676
2452017,7638795.130932207,1299615.6334646437
2452030,7628992.498713621,1314604.6434091383
2452040,7639571.426978725,1315867.3053182368
2452055,7638994.806550181,1330634.610588244
2452070,7628557.357536244,1323830.2821966677
2452085,7621115.973413321,1332865.9121016022
2453015,7664518.7885596575,1303146.315042659
2453020,7659508.242971227,1308700.783049966
2453032,7653331.046669961,1296243.0955460432
2453085,7669617.636815766,1315434.985846299
2454008,7682227.324189443,1261173.2599273117
2454035,7664456.859300376,1275390.725908794
2454065,7694970.762115023,1271474.8674505993
2454072,7687606.052541446,1279248.8131685203
2454090,7679298.411209999,1284573.004284058
2454095,7686883.049869657,1288803.282047786
2454105,7671843.8249873575,1284732.259062703
2454110,7665709.299524501,1288049.2346636953
2454115,7659257.19307826,1290592.2509864888
2454120,7664387.111838318,1296209.6002667553
2454125,7671191.562883361,1298226.5157856485
2455015,7686259.540797148,1252990.8342153023
2455023,7679024.148663991,1247870.4839563475
2455030,7670986.727110634,1243503.1133392127
2455065,7658394.6257964745,1250356.1303982134
2456010,7673674.218023441,1204953.8005017063
2456030,7662673.929948787,1210551.756337079
2456050,7676125.561555254,1216182.4853841115
2456055,7674379.129389078,1225419.5439018456
2456060,7667787.509538719,1222021.7672240103
2456083,7658498.395144879,1231046.5675611508
2456097,7669244.288605194,1235430.3228054007
2457033,7663139.694404448,1257623.8904584893
2457045,7653779.141349815,1262028.427354899
2457050,7651628.287917256,1272212.7983185686
2457057,7658211.7597158775,1271005.2453179723
2459025,7642049.836757072,1276431.6873426214
2459030,7645901.740751541,1286809.4580093627
2460020,7632715.23111668,1278395.8595995908
2460037,7625296.881607638,1283454.1295732763
2461005,7625188.459600731,1300912.3014710855
2461027,7632786.27358036,1305986.5743308284
2461050,7614341.983685346,1315118.3937903317
2462007,7620649.252502987,1320190.1831911018
2462015,7610500.105290959,1325861.1234312106
2462020,7570389.965788165,1377550.9865207782
2462912,7568914.560131925,1340204.3627081302
2462914,7544086.207900718,1330434.2640072496
2462918,7509955.579572339,1445449.4091350462
2463005,7623668.1678545615,1292271.8038324418
2463013,7616758.021933099,1293299.144229665
2463023,7612763.980258966,1290940.025051156
2463035,7616804.46513737,1280969.887808303
2463048,7604806.594926943,1278467.990033491
2463065,7614804.668252705,1300007.9874803175
2466023,7622422.853993292,1243612.1821888264
2467005,7640289.368541282,1225036.1180373959
2467010,7645231.224347889,1229598.9196666272
2467040,7629634.221710832,1219696.903548487
2468005,7654100.660075205,1199354.5199611103
2468020,7635490.491174189,1204430.9487805252
2468025,7646029.630145237,1208109.1436669896
2468035,7654401.049633002,1212967.8880336424
2468040,7649676.198231653,1222226.934777418
2468045,7644684.820453441,1217251.984419777
2468050,7639717.53923803,1215189.8524637015
2468055,7634590.130995195,1216366.9499909703
2469030,7620000.056990772,1201530.8332107703
2470030,7614773.735379051,1208262.6443642962
2470035,7608593.370786868,1202323.212831379
2470040,7600294.351094015,1197869.1105692917
2471015,7576770.922847903,1201498.5816937776
2471020,7582338.045026009,1205044.870727382
2471050,7600696.9985993635,1217812.5953955662
2471125,7572183.074044256,1219313.212883947
2472025,7597056.836251093,1237679.6398294398
2472043,7582613.059456539,1235125.876708324
2475017,7584437.956072972,1269800.9742411752
2475028,7594652.926095655,1272395.7203169423
2476008,7572760.380913287,1236045.135666116
2477022,7566144.526357014,1275788.6823718348
2478075,7524299.445501061,1277769.2621305906
2479037,7497408.8523855815,1320791.3255499902
2479078,7464300.5247117905,1345660.9938120476
2479902,7509332.722606465,1406836.652443173
2479912,7469721.522382118,1417529.1369018627
2479914,7469805.106542557,1394008.7702448724
2479916,7513290.7285421025,1367725.2361463374
2479920,7516505.33064194,1341510.057238731
2479922,7449995.690065318,1373468.2908522373
2479924,7484033.39568452,1291494.5080615056
2480020,7516290.506692425,1247671.86071697
2480027,7511580.023461088,1237505.2536759926
2480060,7478326.748606473,1238936.1414407277
2480070,7501634.387708196,1230478.2545481017
2480095,7503656.093186043,1265878.969412749
2482015,7466510.579222467,1222855.3667575605
2482035,7435421.460597209,1214278.320340937
2483020,7445543.989306112,1240806.5321574786
2483070,7420609.65400295,1273689.643726025
2483902,7370109.541752205,1338729.3406736078
2483906,7391534.574806605,1406958.7209814687
2483908,7411914.533386973,1426365.7419479273
2483912,7415869.086056312,1444050.1655575228
2484035,7386366.819512707,1206202.4014875954
2484082,7355420.51950721,1213489.9520822368
2484902,7323269.32850473,1294726.575385404
2485015,7227632.0166551145,1311361.3769706017
2485020,7165542.266542518,1327416.526663536
2485030,7138165.603067342,1336880.1114775538
2485055,7162897.792357727,1344596.9447184051
2485085,7142329.021158586,1357544.9200880595
2485095,7143136.802416766,1373590.0460040034
2485105,7153573.102854203,1387232.7623714542
2487030,7136224.813107275,1478547.269153928
2487115,7110227.959577946,1516572.089821958
2487902,7117332.442314615,1459773.296374352
2488902,7243051.595724979,1523152.8804879452
2489008,7317684.723337773,1467433.3321014284
2491035,7616650.395434267,1600914.1118517132
2491042,7609190.2109344965,1613090.8801938354
2492005,7636224.266398999,1639147.7429673902
2492065,7605413.178592724,1653613.2651716697
2492904,7544385.267861935,1735659.483779356
2493012,7660025.387857908,1593985.575407747
2493020,7675197.631783028,1593470.5702214944
2493030,7674556.3829666665,1607006.7360442579
2493035,7656184.4720242005,1607405.9935243954
2493045,7676925.290106494,1621240.732182828
2493065,7671707.338631795,1636051.1021355286
2493908,7673292.0594264,1567057.651456155
2494240,7709155.160610257,1625756.2825384007
2494255,7696810.403886815,1631906.2876220902
2495010,7809145.79699954,1625693.944530128
2495902,7788692.059051954,1730182.9263081672
2499060,7332127.151031808,2330507.9088702705
3514020,7296604.375519164,985563.3379005251
3515013,7287006.632299998,1004289.725859764
3515015,7290634.759421275,1031054.4194021614
3515030,7321965.595790737,1056246.3405862346
3515044,7288185.432210037,1064580.3626853584
3522010,7138861.2931750165,946862.951190778
3526011,7256900.111434807,849091.5637573078
3526047,7256155.274255687,882207.5767653977
3532012,7122433.426394697,829305.3362547957
3537034,6948142.787680729,715818.8221580945
3540050,7067122.203555923,919701.6201187625
3541015,7042044.440628912,940764.0486646411
3552001,7085695.521866782,1189418.9859660298
3552004,7083973.272799065,1211427.1169777198
3552036,7041719.856258889,1169802.2150496948
4601057,5899386.57315066,1577576.963551908
4602024,5824661.388575773,1459412.186375347
4602069,5851051.563393597,1523447.2168247236
4603058,5737883.370882671,1492734.134992412
4603065,5793820.963701108,1492495.6244274448
4604052,5659554.280545288,1473128.1092296022
4605032,5602112.413369749,1487470.7362610232
4605038,5577746.71870536,1490756.8291784574
4605044,5558268.838653846,1493370.418868389
4605056,5530169.739662703,1507339.8455805008
4605062,5585803.156518274,1519505.922506678
4605071,5638825.421127454,1508099.3503532154
4606031,5551802.616018523,1578787.917163527
4607039,5660200.275060369,1534273.6823171638
4607046,5626141.649379766,1534044.0996221018
4607052,5596845.479222755,1537854.4824695154
4607066,5663282.484482164,1571391.1369623581
4607076,5600538.635045116,1576945.3317045823
4608032,5716768.6431919625,1528862.0147103183
4608055,5681969.4844519645,1615975.9079222404
4608060,5706788.158778878,1599629.5899454113
4610052,5786331.307591485,1557382.1519417365
4613043,5836581.824555588,1584663.217850657
4615032,5608144.662133666,1600654.9345590568
4615047,5532054.861591968,1626186.0999835657
4615056,5556264.07759213,1622627.956067811
4615063,5591626.031967021,1632484.5946497368
4615070,5617424.391325594,1639033.1749781447
4615074,5637677.953400238,1601772.1415492094
4615092,5640781.407998165,1631016.6217430944
4616020,5550448.652766522,1688254.181121902
4616030,5535765.390156126,1670154.4445071437
4616048,5551563.171077866,1735281.9373248224
4618056,5747841.689976931,1671685.96722995
4618076,5831363.885684144,1673161.7902953976
4620042,5554679.064310535,1812779.8585218482
4620051,5585185.2932482315,1820810.284585111
4704003,5054320.960831087,1599989.5849503402
4704061,5068534.067591199,1673622.39426455
4707067,5158198.274080765,1790160.3573636762
4802031,4811067.461007251,1829108.5193826964
4806001,4670037.322843957,1879449.9742470211
4812037,4997411.91924042,2299779.0115872473
4813001,4752364.730832474,2226522.105563982
4813036,4869340.4791892,2229547.6763256956
4817027,4736614.34636033,2401455.120602163
4817033,4883230.689931657,2438076.5969190584
4819006,4546119.091623898,2477460.773117462
5905030,4350768.135665994,1827620.567718047
5905052,4329064.058323851,1870712.8220700389
5905054,4296992.67786277,1886088.4163403057
5915020,4039478.4323216868,2012582.8546106997
5917027,3969872.002155568,1974489.7380215598
5917029,3981868.3148415,1968759.567294824
5917056,3925215.137148975,1961115.0966962671
5927010,4002644.4532477846,2154656.388767365
5927016,3980029.0211632354,2106529.608685369
5927020,3957618.13732622,2083475.3908738552
5933008,4242751.001813977,2003324.085222341
5933012,4192284.5974403475,2001179.2804606927
5933044,4287099.699948096,2065291.1386358791
5933060,4288841.352316134,2030332.8699858573
5935020,4273441.892978818,1965486.5682605274
5947021,3875421.7408853928,2667228.444292794
5947027,3796722.329403348,2753514.8165326267
5947032,3710311.539599198,2651158.2698927517
5953019,4420009.477626648,2279191.0362674175
5953038,4269304.175487172,2470485.940929326
5953042,4251365.97323218,2429695.1121697407
5953044,4283444.004622503,2423413.9373206235
5953046,4274654.606140383,2396630.15971372
5953048,4335858.006399085,2491469.0581018776
6001045,4263748.522147047,3693606.0818783976
6101063,5135334.56947462,4105128.0196578437
6102063,4771461.440604545,3617198.388815435
6103097,5062037.226622186,3270938.2214376056
6104097,4729213.178290974,3182071.292038401
6105097,5344531.01455889,2886345.6406663912
6106097,5269583.854474664,3213239.8049138333
6208098,5679247.136850021,3646292.8974001566
6204030,6644957.318165129,4027190.1192531087
6205033,6038455.073167933,3090313.264293327
